{"cameraMode":{"drawMode":0,"name":"Shaded","section":"Shading Mode"},"sceneLighting":true,"audioPlay":false,"sceneViewState":{"showFog":true,"showMaterialUpdate":false,"showSkybox":true,"showFlares":true,"showImageEffects":true,"showParticleSystems":true},"in2DMode":false,"pivot":{"x":-3.0948519706726076,"y":3.6733341217041017,"z":-10.993020057678223},"rotation":{"x":0.22170966863632203,"y":-0.42659831047058108,"z":0.10834839195013046,"w":0.8702848553657532},"size":30.60242462158203,"orthographic":false}