{"cameraMode":{"drawMode":0,"name":"Shaded","section":"Shading Mode"},"sceneLighting":false,"audioPlay":false,"sceneViewState":{"showFog":true,"showMaterialUpdate":false,"showSkybox":false,"showFlares":true,"showImageEffects":true,"showParticleSystems":true},"in2DMode":false,"pivot":{"x":2.502896308898926,"y":0.22840261459350587,"z":-2.63913631439209},"rotation":{"x":-0.18048438429832459,"y":-0.6520766615867615,"z":0.16394181549549104,"w":-0.717879593372345},"size":2.5578837394714357,"orthographic":false}